-- IssueDate

insert into IssueDate(id, day, month, year) values(1, 2, 2, 1983);
insert into IssueDate(id, day, month, year) values(2, 27, 1, -983);
insert into IssueDate(id, year) values(3, -1500);
insert into IssueDate(id, day, month, year) values(4, 31, 3, 1923);
insert into IssueDate(id, day, month, year) values(5, 9, 12, 1978);
insert into IssueDate(id, day, month, year) values(6, 27, 1, 1986);
insert into IssueDate(id, month, year) values(7, 3, 1991);

-- LanguageTable

insert into LanguageTable(id, name, code) values (1, 'Estonian', 'est');
insert into LanguageTable(id, name, code) values (2, 'Russian', 'rus');
insert into LanguageTable(id, name, code) values (3, 'English', 'eng');
insert into LanguageTable(id, name, code) values (4, 'Arabic', 'ara');
insert into LanguageTable(id, name, code) values (5, 'Portuguese', 'por');

-- Materials

insert into Material(id, lang, issueDate) values(1, 1, 1);
insert into Material(id, lang, issueDate) values(2, 2, 2);
insert into Material(id, lang, issueDate) values(3, 4, 3);
insert into Material(id, lang, issueDate) values(4, 3, 4);
insert into Material(id, lang, issueDate) values(5, 3, 5);
insert into Material(id, lang, issueDate) values(6, null, null);
insert into Material(id, lang, issueDate) values(7, 4, 6);
insert into Material(id, lang, issueDate) values(8, 3, 7);

-- Authors

insert into Author(id, name, surname) values(1, 'Isaac', 'John Newton');
insert into Author(id, name, surname) values(2, 'Karl Simon Ben', 'Tom Oliver Marx');
insert into Author(id, name, surname) values(3, 'Leonardo', 'Fibonacci');

-- Material_Authors

insert into Material_Author(material, author) values(1, 1);
insert into Material_Author(material, author) values(2, 1);
insert into Material_Author(material, author) values(2, 3);
insert into Material_Author(material, author) values(3, 1);
insert into Material_Author(material, author) values(4, 1);
insert into Material_Author(material, author) values(5, 3);
insert into Material_Author(material, author) values(6, 3);
insert into Material_Author(material, author) values(7, 3);
insert into Material_Author(material, author) values(8, 2);

-- LanguageKeyCodes

insert into LanguageKeyCodes(lang, code) values (1, 'et');
insert into LanguageKeyCodes(lang, code) values (2, 'ru');
insert into LanguageKeyCodes(lang, code) values (3, 'en');
insert into LanguageKeyCodes(lang, code) values (5, 'pt');
insert into LanguageKeyCodes(lang, code) values (5, 'pt-br');

-- Material Descriptions

insert into LanguageString(id, lang, textValue) values (1, 1, 'Test description in estonian. (Russian available)');
insert into LanguageString(id, lang, textValue) values (2, 2, 'Test description in russian, which is the only language available.');
insert into LanguageString(id, lang, textValue) values (3, 2, 'Test description in russian. (Estonian available)');
insert into LanguageString(id, lang, textValue) values (4, 5, 'Test description in portugese, as the material language (english) not available.');
insert into LanguageString(id, lang, textValue) values (5, 4, 'Test description in arabic (material language). No estonian or russian available.');
insert into LanguageString(id, lang, textValue) values (6, 3, 'Test description in english, which is the material language.');
insert into LanguageString(id, lang, textValue) values (7, 3, 'Test description in english, which is not the material language. Others are also available, but arent estonian or russian.');
insert into LanguageString(id, lang, textValue) values (8, 5, 'Test description in portugese, english also available.');

insert into Material_Description(description, material) values(1, 1);
insert into Material_Description(description, material) values(2, 2);
insert into Material_Description(description, material) values(3, 1);
insert into Material_Description(description, material) values(4, 4);
insert into Material_Description(description, material) values(5, 3);
insert into Material_Description(description, material) values(6, 5);
insert into Material_Description(description, material) values(7, 7);
insert into Material_Description(description, material) values(8, 7);

-- Material Titles

insert into LanguageString(id, lang, textValue) values (9, 1, 'Test title in estonian. (Russian available)');
insert into LanguageString(id, lang, textValue) values (10, 2, 'Test title in russian, which is the only language available.');
insert into LanguageString(id, lang, textValue) values (11, 2, 'Test title in russian. (Estonian available)');
insert into LanguageString(id, lang, textValue) values (12, 5, 'Test title in portugese, as the material language (english) not available.');
insert into LanguageString(id, lang, textValue) values (13, 4, 'Test title in arabic (material language). No estonian or russian available.');
insert into LanguageString(id, lang, textValue) values (14, 3, 'Test title in english, which is the material language.');
insert into LanguageString(id, lang, textValue) values (15, 3, 'Test title in english, which is not the material language. Others are also available, but arent estonian or russian.');
insert into LanguageString(id, lang, textValue) values (16, 5, 'Test title in portugese, english also available.');

insert into Material_Title(title, material) values(9, 1);
insert into Material_Title(title, material) values(10, 2);
insert into Material_Title(title, material) values(11, 1);
insert into Material_Title(title, material) values(12, 4);
insert into Material_Title(title, material) values(13, 3);
insert into Material_Title(title, material) values(14, 5);
insert into Material_Title(title, material) values(15, 7);
insert into Material_Title(title, material) values(16, 7);

-- ResourceType

insert into ResourceType(id, resourceType) values (1001, 'textbook');
insert into ResourceType(id, resourceType) values (1002, 'experiment');
insert into ResourceType(id, resourceType) values (1003, 'simulation');
insert into ResourceType(id, resourceType) values (1004, 'glossary');
insert into ResourceType(id, resourceType) values (1005, 'role play');

-- Material_ResourceType

insert into Material_ResourceType(material, resourceType) values (1, 1001);
insert into Material_ResourceType(material, resourceType) values (1, 1002);
insert into Material_ResourceType(material, resourceType) values (2, 1003);
insert into Material_ResourceType(material, resourceType) values (3, 1004);
insert into Material_ResourceType(material, resourceType) values (4, 1005);
insert into Material_ResourceType(material, resourceType) values (5, 1003);
insert into Material_ResourceType(material, resourceType) values (6, 1002);
insert into Material_ResourceType(material, resourceType) values (7, 1004);

-- TranslationGroup

insert into TranslationGroup(id, lang) values (1, 1);
insert into TranslationGroup(id, lang) values (2, 2);
insert into TranslationGroup(id, lang) values (3, 3);

-- Translation

-- Estonian
insert into Translation(translationGroup, translationKey, translation) values (1, 'FOO', 'FOO sõnum');
insert into Translation(translationGroup, translationKey, translation) values (1, 'Estonian', 'Eesti keeles');
insert into Translation(translationGroup, translationKey, translation) values (1, 'Russian', 'Vene keel');

-- Russian
insert into Translation(translationGroup, translationKey, translation) values (2, 'FOO', 'FOO сообщение');
insert into Translation(translationGroup, translationKey, translation) values (2, 'Estonian', 'Эстонский язык');
insert into Translation(translationGroup, translationKey, translation) values (2, 'Russian', 'русский язык');

-- English
insert into Translation(translationGroup, translationKey, translation) values (3, 'FOO', 'FOO message');
insert into Translation(translationGroup, translationKey, translation) values (3, 'Estonian', 'Estonian');
insert into Translation(translationGroup, translationKey, translation) values (3, 'Russian', 'Russian');
